,Model,R-squared,MAE,RMSE
0,Linear Regression,0.8704,0.09338,0.1505
1,Decision Tree,0.9998,6.9568,0.0043
2,KNN,0.7405,0.1059,0.2131
3,Random Forest,0.9998,6.5725,0.0047
4,Gradient Boosting regressor,0.9998,0.00245,0.0053
5,XGBoost,0.9998,0.00072,0.0044
